{
    "accuracy": 0.5759717314487632,
    "precision": 0.6726618705035972,
    "recall": 0.24735449735449735,
    "auc": 0.5837420973663947
}
